AIRTRAN AIRWAYS,,,,,,,,,,,,,,,,,,,,,,,,,,,,,,,,,,,,,,,,,,,,,,,,,,,,,,,,,,,,,,,,,,,,,,,,,,,,,,,,,,,,,,,,,,,,,,3507,502,3822884,4799,276,4452451,8832,683,5031798,10336,841,4525112,7000,663,4906630,9041,365,5658334,12026,601,5990763,10427,431,5188466,11998,513,5855058,13380,369,6533019,11766,264,6704438,9648,246,5604721,10016,161,6121134,11322,197,6538710,16228,321,6534974,15285,283,5526408,9042,137,5911553,7699,55,6533184,6899,189,6208390,10270,188,5344683,10948,172,5754446,14827,321,6612928,9877,139,6533427,9225,202,5718319,5614,46,5934141,8873,86,6442786,7978,109,6323023,6484,107,5080108,4781,18,5017232,3117,35,5137151,4907,49,5409351,4893,61,4487485,3240,45,4388199,2900,139,4396524,6214,215,4295783,8334,216,3543810,4242,45,3446769,2875,16,3300618,6259,57,3411731,9782,254,2961286,4568,115,2996398,3183,66,3105241,7254,639,2949509,4339,857,2550184,,,,,,,,,,,,,,,,,,,,,,,,,,,,,,,,,,,,,,,,,,,,,,,,,,,,,,,,,,,,
ALASKA AIRLINES,1059,32,6891202,915,33,5911527,117,2,3007066,0,0,2247354,0,0,2110763,43,0,916543,272,0,3191140,3147,108,8547197,2730,92,9563449,3188,155,9035684,2498,158,7612627,2226,105,8260367,2494,192,9274760,2795,326,8923390,1206,120,5844254,1552,131,6103747,1761,176,6702144,2680,276,6520730,1981,206,5595050,1600,197,5019172,1627,185,6321507,1597,265,6059214,1982,284,5344476,1093,159,5430824,1267,171,6064451,1315,191,5624304,1737,219,4975547,818,137,4937496,1305,283,5517702,1027,196,4999049,1026,248,4384631,754,127,4436523,1043,245,5098158,877,152,4780066,1155,190,4203186,1162,297,4218455,1365,283,4767167,1281,276,4478526,1465,247,3910385,1226,275,4008655,1424,269,4590676,1592,384,4242336,1798,439,3759030,1633,418,3852268,2358,646,4387652,1052,221,3930261,2416,538,3332632,2478,636,3526980,2311,862,4131885,2113,626,3774628,2326,856,3258996,1771,293,3512911,1877,210,4330749,1995,183,4083082,2485,297,3619711,3741,347,3780367,4918,382,4566785,4190,88,4236434,3257,347,3401586,3972,549,3642976,4233,423,4380456,5620,789,4043982,4852,188,3424626,4454,558,3628827,6180,882,4293756,7375,462,3877571,6284,511,3505624,6787,300,3623874,6224,412,4299920,3964,325,3620268,8519,803,3587830,6443,478,3704804,5093,361,4273840,3041,178,3792324,5031,206,3252531,4919,318,3361246,5690,314,3972522,5752,321,3611865,8560,704,3187314,5749,289,3014471,8787,490,3740709,8134,599,3691239,9001,478,3192066,6493,338,3267931,8147,481,3652675,11543,627,3430810,6930,464,3160695,5721,221,3291358,4919,350,3811080,5590,435,3437651,7419,233,3063929,4998,363,3208547,4621,418,3654398,6585,523,3315925,8326,518,2850128
ALOHA AIRLINES,,,,,,,,,,,,,,,,,,,,,,,,,,,,,,,,,,,,,,,,,,,,,,,,,,,,,,,,,,,,,,,,,,,,,,,,,,,,,,,,,,,,,,,,,,,,,,,,,,,,,,,,,,,,,,,,,,,,,,,,,,,,,,,,,,,,,,,,,,,,,,,,,,,,,,,,,,,,,,,,,,,,,,202,8,953851,34,49,1024161,105,39,993454,141,16,949892,32,0,887148,22,14,904449,41,7,829591,,,,,,,,,,,,,,,,,,,,,,,,,,,,,,,,,,,,,,,,,,,,,,,,,,,,,,,,,,,,,,,,,,,,,,,,,,,,,,,,,,,,,,,,,,,,,,,,,,,
ALLEGIANT AIR,519,0,3872651,203,0,3699217,3,0,2322946,6,0,2180397,11,0,2036795,15,0,1296542,1515,30,6420719,341,2,3613426,135,2,3836145,25,123,4198976,34,510,3473390,46,66,3263797,141,78,3529711,216,0,3729600,0,58,3306693,,,,,,,12323,1904,33982409,,,,,,,,,,,,,,,,,,,,,,,,,,,,,,,,,,,,,,,,,,,,,,,,,,,,,,,,,,,,,,,,,,,,,,,,,,,,,,,,,,,,,,,,,,,,,,,,,,,,,,,,,,,,,,,,,,,,,,,,,,,,,,,,,,,,,,,,,,,,,,,,,,,,,,,,,,,,,,,,,,,,,,,,,,,,,,,,,,,,,,,,,,,,,,,,,,,,,,,,,,,,,,,,,,,,,,,,,,,,,,,,,,,,,,,
AMERICA WEST AIRLINES,,,,,,,,,,,,,,,,,,,,,,,,,,,,,,,,,,,,,,,,,,,,,,,,,,,,,,,,,,,,,,,,,,,,,,,,,,,,,,,,,,,,,,,,,,,,,,,,,,,,,,,,,,,,,,,,,,,,,,,,,,,,,,,,,,,,,,,,,,,,,,,,,,,,,,,,,,,,,,,,,,,,,,,,,,,,,,,,,,,,,,,,,,,,,,8515,542,5318794,6875,362,5729835,10745,793,5694984,10330,617,5101850,11981,476,5302202,8904,227,5556933,7509,383,4885743,11888,363,4967978,9845,161,4967920,11097,206,5412827,13316,213,5261924,15157,240,4712876,14663,80,4975675,11118,38,5265565,12646,125,5109918,14166,142,4359877,11741,148,4212736,10586,109,5140026,13305,248,5428973,16119,247,5053333,11047,333,4907424,14507,376,5314934,15027,724,5311373,17354,841,4695690,17459,702,4881725,17274,738,4997967,12115,541,4794724,11702,670,4367732,13021,538,4425724,10728,439,4800905,11844,571,4686468,14218,526,4261813
AMERICAN AIRLINES,6008,480,31669647,5192,408,28314308,1453,80,14719488,591,28,14695523,2899,638,13703995,647,85,5369982,6127,465,27440927,15503,1071,35416937,25733,1890,36283824,41562,3298,36110590,28362,1724,33083888,20168,1573,33312446,12697,363,34232162,12751,195,34773590,15658,483,31525870,14215,416,32802049,10046,312,33451848,37110,296,34575839,10870,2301,30582875,11806,1714,5665703,15470,2156,33773358,12217,1800,34214085,14766,2642,31360650,13320,2426,22033306,15366,2558,36891115,18026,2245,36140078,15482,2656,33162976,13174,1475,33013513,13114,1303,34859552,17824,2304,35406731,16812,2389,32468735,12864,677,18665,13511,884,19549221,13609,647,19581,5320,543,3970731,14442,1389,18536509,16131,1355,19277469,15263,1349,19749730,14589,1478,18320011,7561,593,4293651,18097,1677,19890022,15587,1660,19650620,11820,2191,17751646,15096,1417,18934213,15107,1059,19695432,17860,1791,19706744,16124,2284,17885435,14284,1400,18649876,14645,969,19794039,15231,1153,19703056,12910,782,18099010,10143,1096,19105660,10960,1101,21237007,13654,1389,21673408,21892,1982,20231629,15666,1608,21656205,15517,1381,22581220,22536,1562,22693023,22133,2213,20850796,21987,1877,21307774,14551,1222,22118373,22493,1829,23260971,22511,2465,21213474,18218,1443,21556675,18803,1220,22928627,23387,1416,22957833,17687,1478,20623793,16266,1375,20444116,12804,786,21090205,17087,1011,21320081,23373,1122,19689387,17175,1126,19693148,20545,1022,21442000,28638,1481,20851388,23730,1186,19256485,30682,1184,21069812,29223,474,22834621,33666,431,22567734,42418,561,20320507,24591,619,15361153,30515,664,18076630,32630,591,19572339,40821,682,17817614,42165,650,18565990,47289,634,20643034,53675,888,20443165,67298,1102,18577574,56106,851,19117505,57242,713,19267801,64664,717,18585625,70213,848,16579667,57954,1075,18010537,52881,717,19275699,53211,882,18929527,57780,713,17402678
AMERICAN EAGLE AIRLINES,,,,,,,,,,,,,,,,,,,,,,,,,,,,,,,,,,,,,,,,,,,,,,,,,,,,,,,,,,,,,,,,,,,,,,,,,,,,,,,,,,,,,,,,,,,5175,766,3712100,5018,548,4098294,4020,323,4449933,5301,509,4420134,12822,1025,18267561,4265,412,4433663,5098,402,4762988,6767,528,4820334,6437,603,4098471,17326,1458,18720802,7556,827,4449341,7647,1345,4377094,6107,994,3627278,5876,1139,4086490,5708,1557,4097842,6346,2010,4013456,3723,1629,3550434,4881,1822,3934563,4170,1410,4130995,5081,1536,4046770,3846,1060,3373399,3825,1174,3643632,2588,692,4191353,345,164,552779,345,154,552779,354,123,629569,265,51,639514,331,95,655729,319,67,561144,415,54,610898,247,66,635900,479,85,634272,583,109,507758,357,54,560082,271,26,561746,371,13,572193,682,40,503598,365,19,519285,263,23,527061,482,22,495683,572,15,399270,245,5,352336,156,11,248425,165,18,223827,191,4,180430,217,9,272877,145,0,199565,532,5,324910,351,5,281429,228,4,300951,265,37,410087,710,31,514564,488,202,508844,,,,,,,,,,,,,,,,,,,,,,,,,,,,,,,,,,,,
ATA AIRLINES,,,,,,,,,,,,,,,,,,,,,,,,,,,,,,,,,,,,,,,,,,,,,,,,,,,,,,,,,,,,,,,,,,,,,,,,,,,,,,,,,,,,,,,,,,,,,,,,,,,,,,,,,,,,,,,,,,,,,,,,,,,,,,,,,,,,,,,,,,,,,,,,,,,,,,,,,,,,,,,,,,,,,,,,,,,,,,,,,,547,194,620591,421,146,693046,165,91,682065,298,147,640100,335,129,1070737,1072,232,1468849,1023,206,1309913,1896,912,1532801,2201,944,2226952,1048,707,2684190,1484,405,2719477,1638,290,2442387,998,151,2323876,730,286,2472201,1080,235,2457554,710,162,2122329,,,,,,,,,,,,,,,,,,,,,,,,,,,,,,,,,,,,,,,,,,,,,,,,,,,,,,,,,,,,
ATLANTIC SOUTHEAST AIRLINES,,,,,,,,,,,,,,,,,,,,,,,,,,,,,,,,,,,,,,,,,,,,,,,,,,,,,,,,,,,,,,,,,,,,,,,,,,,,,,,,,,,,,,,,,,,,,,,,,,,,,,,,,,,,,,,,,,,,,,7463,366,3426978,10215,393,3723441,11694,346,3708749,7702,179,3185462,6766,165,3527999,8389,235,3666681,7680,210,3445538,7192,164,3088354,5043,76,3071287,8633,587,3565266,8132,1131,3417449,8974,1143,2898511,7729,1098,2865082,7432,1219,3132410,5014,741,2234774,2807,552,1057771,1946,412,1089178,2196,473,1150031,2963,556,1167577,2808,527,970316,1657,397,967995,1999,333,1012369,1983,402,1115387,3892,714,1035886,1264,199,979025,441,43,1105913,566,146,1109149,1074,272,1013122,2449,334,1159876,1248,192,1002197,1187,140,913359,1425,247,772227,1998,469,804734,1950,490,775190,2211,921,781431,1498,498,663052,,,,,,,,,,,,,,,,,,,,,,,,,,,,,,,,,,,,,,,,,,,,,,,,,,,,,,,,,,,,
COMAIR,,,,,,,,,,,,,,,,,,,,,,,,,,,,,,,,,,,,,,,,,,,,,,,,,,,,,,,,,,,,,,,,,,,,,,,,,,,,,,,,,,,,,,,,,,,,,,,,,,,,,,,,,,,,,,,,,,,,,,,,,,,,,,,,,,3933,57,1597859,5489,106,1751303,5767,106,1580773,4148,132,1315764,4713,56,1419761,5588,405,1645034,5219,712,1689159,3365,437,1377802,3921,460,1609674,5058,721,2078403,3056,483,1364690,1426,245,546701,992,131,502829,1185,113,402849,1433,159,396381,1845,153,461448,1831,101,599762,1570,180,603739,1652,143,601010,2143,135,455164,855,53,573735,86,10,702971,305,27,706715,693,72,665595,823,91,684878,828,100,675987,1204,140,608523,1368,234,510630,,,,,,,,,,,,,,,,,,,,,,,,,,,,,,,,,,,,,,,,,,,,,,,,,,,,,,,,,,,,,,,,,,,,,,,,
CONTINENTAL AIRLINES,,,,,,,,,,,,,,,,,,,,,,,,,,,,,,,,,,,,,,,,,,,,,,,,,,,,,,,,,,,,,,,,,,,,,,,,,,,,,,,,,,,,,,,,,,,,,,,,,,,,,,,,,,,,,,,,,,,,,,6593,1077,9633366,8628,1657,10157979,7981,1712,10177417,7133,1298,8706805,6665,1366,9220356,7842,1143,9511544,8075,1852,9456516,10013,2320,8494356,8580,1956,9193271,9743,1339,9873769,9795,1368,9830277,9677,1229,8626868,8087,1317,9217296,9036,1348,10171175,10245,1420,10819897,10457,1586,10075301,6669,843,10424519,9398,1401,10922476,11406,1931,11251647,8576,1925,9977651,8296,1442,10232687,8124,1226,10283941,10863,1919,10680150,12227,2500,9611189,9444,1918,9570637,7833,1276,9557668,9242,1382,9614684,13273,2642,8775816,12278,2044,9013038,12023,1433,9189561,11694,1834,9229183,11914,953,8238969,11139,1203,8569822,11273,572,9023913,14483,1190,8810539,11362,661,7934128,10706,552,8431318,10014,400,8956306,10880,510,9237902,15171,1589,8590079,21404,3167,8403431,15394,531,9548608,21880,819,10599436,17109,1249,9601442,18563,2903,9975265,12538,1922,10299565,19682,1585,10416581,15901,477,9578794,16696,493,9935520,13936,290,10202941,10910,262,10002084,22129,287,9291544,21654,199,9354140,15365,115,10002893,20361,120,9844051,18788,140,8677516
DELTA AIR LINES,12292,0,30691987,3231,0,24200394,1386,0,12861,570,0,11484571,634,0,9298752,1546,0,2956649,16399,0,27870231,26246,0,36796401,24642,3,40050497,32820,0,39153662,28276,1,32597931,22605,0,34570464,17722,0,37139292,17602,9,36208900,23777,13,30868044,24793,10,32506060,32040,29,35357057,4991,256,4061138,34388,354,29863259,36471,326,31546560,33387,306,33949408,31642,302,33838031,28325,304,29449621,32658,466,31061602,33166,479,33714771,38643,389,32706490,40939,604,27561992,27149,205,28707710,26777,564,31309829,29451,1406,30361746,24329,1878,25357895,19924,1359,26366,18240,1060,28644455,20416,2374,27642624,22445,1277,24130377,31031,2021,25496756,33809,1254,28164144,28487,1044,27142748,28208,1023,23153402,20145,730,24550823,30608,1036,27524156,28195,763,26752092,23802,656,22640522,18424,704,24546433,29292,921,26763823,30642,1017,25552761,30969,1372,21884456,10505,557,15029156,16313,1473,16549227,16303,2554,15881066,13981,2372,14426780,12987,2359,16090329,18629,2838,17188020,15169,2370,16734131,15458,2836,15722610,8671,2009,16229841,15971,3581,17820084,26821,5585,17500812,27374,5516,15904335,15096,2246,16664534,15377,2243,17401642,19648,2840,17530094,38256,4315,17079253,26099,2779,19067377,22864,2685,21197383,23197,3094,21995159,18494,2185,20650378,27385,2067,20787921,27605,1658,21171870,28817,2331,21718352,46243,3218,19485644,43603,2346,20208431,24072,2512,20871135,29997,3262,19363066,29367,2222,19153925,49703,3799,21267537,29669,1839,21324234,32435,1854,21264376,52039,1730,19530348,42710,2245,18635456,29534,1420,21724341,55258,2191,25248388,50898,933,22777490,39504,652,24042911,55339,662,26293384,69685,952,27353224,47522,1061,24342046,35040,377,24946036,43651,1567,25855692,45221,5519,26604835,54835,8144,24465503,43846,3810,24795631,55767,2667,26968275,69429,4236,26704309,64690,2736,23937587
ENDEAVOR AIR,3642,0,3824655,1181,0,3517547,385,0,1940986,233,0,2013531,77,0,1550894,277,0,404077,3775,0,2964249,6772,0,3780820,6451,0,3850464,8011,0,3767698,4432,0,3113553,4559,2,3446544,5131,0,3518387,4100,1,3617308,3117,4,2709157,,,,,,,644,203,4138695,,,,,,,,,,,,,,,,,,,,,,,,,,,,,,,,,,,,,,,,4958,249,303617,4104,240,3291022,,,,,,,,,,,,,,,,,,,,,,,,,,,,,,,,,,,,,,,,,,,,,,,,,,,,,,,,,,,,,,,,,,,,,,,,,,,,,,,,,,,,,,,,,,,,,,,,,,,,,,,,,,,,,,,,,,,,,,,,,,,,,,,,,,,,,,,,,,,,,,,,,,,,,,,,,,,,,,,,,,,,,,,,,,,,,,,,,,,,,,,,,,
ENVOY AIR,1150,76,3628897,1422,115,3409015,849,32,2172455,408,30,2164410,747,132,1994013,190,26,847305,1895,281,2863191,2427,544,3703185,3286,561,3361879,4439,537,3751462,3807,490,3137713,3104,453,3303994,3437,161,3388554,4273,61,3415654,3839,59,2943408,,,,,,,40,22,2829910,,,,,,,,,,,,,,,,,,,4279,529,2958349,5596,924,3255510,4485,784,3094217,4749,611,3643382,3340,422,3940167,5351,702,4146074,,,,,,,,,,,,,,,,,,,,,,,,,,,,,,,,,,,,,,,,,,,,,,,,,,,,,,,,,,,,,,,,,,,,,,,,,,,,,,,,,,,,,,,,,,,,,,,,,,,,,,,,,,,,,,,,,,,,,,,,,,,,,,,,,,,,,,,,,,,,,,,,,,,,,,,,,,,,,,,,,,,,,,,,,,,,,,,,,,,,,,,,,,,,,,,,,,,
EXPRESSJET AIRLINES,,,,,,,,,,,,,12,0,227234,5,0,115481,669,0,1239445,990,1,1467237,1358,0,1433425,1522,1,1257349,1470,1,1454843,1658,22,1835755,1866,3,2175952,2225,12,2350886,2230,3,2411261,3213,7,2977522,3902,22,3540146,567,42,9355804,7354,507,4137528,8615,641,32044038,9180,937,5445840,8087,847,5498667,7708,757,5175359,8968,996,5757488,9527,962,6328398,12001,1338,6567149,12437,1312,6083566,11856,1247,6968965,10615,1120,7834239,16951,2784,7135969,16093,2810,6805801,13427,1908,7769435,9715,1158,8253891,11602,1593,8226123,13100,1763,7107265,13374,1677,7729179,16699,2009,8193856,14476,1577,7989888,13962,1301,6940687,5857,678,4068518,7699,919,4367314,7985,811,4339911,6434,556,3512336,5306,664,3391575,6489,621,4303947,7358,818,4176099,6420,870,3296038,4824,607,3151179,4747,426,3448058,5730,738,3225197,5119,613,2569898,4321,461,2786163,4798,582,3457303,2966,332,1905479,,,,,,,,,,,,,,,,,,,,,,,,,,,,,,,,,,,,,,,,,,,,,,,,,,,,,,,,,,,,,,,,,,,,,,,,,,,,,,,,,,,,,,,,,,,,,,,,,,,,,,,,,,,,,,,,,,,,,,,,,,,
FRONTIER AIRLINES,1489,619,5776460,886,334,5456373,626,223,4812979,167,51,2619595,256,64,2508125,170,45,690113,481,96,4685687,821,249,5764965,893,230,5731264,838,184,5128189,587,168,5128189,895,257,4932227,1790,519,5128189,991,255,4946148,949,188,4416868,860,403,4538268,560,170,4339063,8061,217,8351684,312,167,3582185,450,163,3771280,425,253,4129349,842,274,3614118,379,161,3151585,648,380,3547147,715,390,3201831,699,253,2962152,682,209,2632410,1206,441,3125104,1069,540,3323385,934,349,2937116,655,286,2401997,924,319,2665493,1169,416,2842615,908,357,2589674,492,180,2264114,426,105,2537924,1059,333,2779046,798,261,2597591,399,109,2409538,1108,212,2721582,1297,330,3045475,1201,246,2638684,837,233,2090355,784,188,2241300,2428,694,2606366,2202,750,2483643,1335,476,2014717,1155,297,2201707,2708,601,2646678,2123,639,2476619,632,232,2094048,1121,327,2348314,1053,173,2869297,1115,150,2771920,1147,333,2507991,1077,196,2458627,1148,164,2842192,1311,255,2921301,1095,354,2214518,644,113,2249061,583,47,2635897,829,146,2606079,510,144,2165124,213,56,2096971,119,38,2220146,213,58,2111042,,,,,,,,,,,,,,,,,,,,,,,,,,,,,,,,,,,,,,,,,,,,,,,,,,,,,,,,,,,,,,,,,,,,,,,,,,,,,,,,,,,,,,,
HAWAIIAN AIRLINES,2,0,2047990,10,0,1717710,3,0,201737,8,0,469717,14,0,320241,30,0,176278,125,1,2185709,101,0,2674636,34,0,2828870,39,0,2742590,72,0,2615452,326,6,2680823,274,3,2802150,345,2,2804422,160,2,2676265,408,9,2710707,77,15,2943133,11976,2642,40991267,113,55,2649691,126,19,2669657,104,10,2854932,59,18,2700783,37,2,2599123,70,8,2608124,124,12,2775894,54,2,2605895,110,7,2472431,78,0,2507376,92,81,2671867,102,10,2505196,94,25,2400372,167,44,2405889,199,21,2644328,449,56,2481456,332,51,2397157,219,41,2410551,325,36,2518738,169,11,2328787,174,80,2218145,225,55,2152144,171,3,2266535,146,9,2151581,83,25,2089095,118,2,2097578,37,0,2251990,101,6,2075548,109,28,1999172,41,7,2066495,36,0,2202143,14,1,2080657,82,14,1995333,77,7,1920675,42,11,2049060,45,20,2153980,153,16,1732996,220,18,1767774,41,3,1879970,392,13,1776049,408,85,1674816,340,38,1610807,588,0,1604739,641,27,1526360,647,14,1460757,844,16,1481486,872,8,1549659,685,9,1432005,744,5,1376667,650,8,1323363,833,4,1458091,690,38,1412211,897,68,1399228,284,109,1416878,,,,,,,,,,,,,,,,,,,,,,,,,,,,,,,,,,,,,,,,,,,,,,,,,,,,,,,,,,,,,,,,,,,,,
INDEPENDENCE AIR,,,,,,,,,,,,,,,,,,,,,,,,,,,,,,,,,,,,,,,,,,,,,,,,,,,,,,,,,,,,,,,,,,,,,,,,,,,,,,,,,,,,,,,,,,,,,,,,,,,,,,,,,,,,,,,,,,,,,,,,,,,,,,,,,,,,,,,,,,,,,,,,,,,,,,,,,,,,,,,,,,,,,,,,,,,,,,,,,,,,,,,,,,,,,,0,0,391372,3,0,431013,0,1,372767,4,0,202371,2,0,37236,,,,,,,,,,,,,,,,,,,,,,,,,,,,,,,,,,,,,,,,,,,,,,,,,,,,,,,,,,,,,,,,,,,,,,,,,,,,,,,,,
HORIZON AIR,459,50,1899889,706,57,1730321,126,15,1111080,,,,,,,,,,,,,,,,,,,,,,,,,,,,,,,,,,,,,,,,,,,3392,1519,5838917,,,,,,,,,,,,,,,,,,,,,,,,,,,,,,,,,,,,,,,,,,,,,,,,,,,,,,,,,,,,,,,,,,,,,,,,,,,,,,,,,,,,,,,,,,,,,,,,,,,,,,,,,,,,,,,,,,,,,,,,,,,,,,,,,,,,,,,,,,,,,,,,,,,,,,,,,,,,,,,,,,,,,,,,,,,,,,,,,,,,,,,,,,,,,,,,,,,,,,,,,,,,,,,,,,,,,,,,,,,,,,,,,,,,,,,
JETBLUE AIRWAYS,901,24,7813396,463,3,6993996,81,16,3875067,62,0,2560789,9,0,1433931,29,0,583894,250,2,7303799,637,16,9504092,785,8,9760018,641,7,9851842,721,23,9061253,487,13,9351646,612,7,9824474,557,9,9893611,844,7,8927623,432,3,8936805,529,18,9129180,10931,1064,24401584,553,1415,8770054,439,1036,8719175,480,1313,8951162,295,799,8795633,488,28,8244033,598,21,8168250,358,8,8318476,266,5,8105136,619,39,7357389,407,30,7350027,851,526,7727979,279,70,7489539,469,24,6696787,145,1,6831371,61,2,7381669,126,15,7188445,170,1,6765266,54,13,6573215,77,10,7138623,114,12,6832293,0,4,6371852,56,11,6291058,16,3,7015965,9,0,6622343,14,12,6038693,21,12,6039231,1,3,6572961,4,0,6113408,27,7,5528333,5,2,5456842,4,0,6011251,23,7,5690972,1,0,5108284,7,5,5108284,25,3,5637086,3,5,5637086,23,9,5518098,10,3,5180468,3,7,5528265,0,14,5587025,0,19,5090815,10,29,4931609,20,34,4773316,26,58,4524719,17,5,4334914,6,0,3850507,1,0,3782567,10,0,3695906,15,0,3400086,8,0,3178517,8,9,3033338,0,6,2920697,12,2,2650073,4,0,2377510,5,0,2413505,6,0,2209920,4,0,2010617,,,,,,,,,,,,,,,,,,,,,,,,,,,,,,,,,,,,,,,,,,,,,,,,,,,,,,,,,,,,
MESA AIRLINES,873,26,2721574,808,40,2494135,359,6,1625143,170,3,1769553,226,12,1390249,95,12,536745,962,18,2681520,1428,102,3528613,1861,88,3599017,2836,314,3589375,3864,485,3288521,2047,101,3536496,2581,51,3604845,1722,10,3378023,2413,47,2864946,,,,,,,643,111,2100967,,,,,,,,,,,,,,,,,,,,,,,,,,,,,,,,,,,,,,,,1915,518,2111954,1907,494,2298325,1725,646,2156621,1202,539,1834793,1510,512,1899862,1637,490,1957583,2566,481,1863476,1900,446,1877874,2226,495,1844739,2953,337,2097955,2125,541,1794852,2897,352,2080943,3575,564,2018689,3410,614,2272104,3792,606,2366318,4172,503,2308909,4316,429,2698257,5353,400,2909167,7091,486,2882497,5720,303,2494444,6752,337,2699828,6718,412,2883119,9099,417,2780662,5479,189,1584168,2972,355,1706790,1068,92,500221,5008,174,1903808,3358,351,1813068,3028,179,1659022,3657,171,1594847,4281,415,1696331,3828,330,1946708,,,,,,,,,,,,,,,,,,,,,,,,,,,,,,,,,,,,,,,,,,,,,,,,,,,,,,,,,,,,,,,,,,,,,,,,,,,,,,,,,,,,,,,,,,,,,,,,
NORTHWEST AIRLINES,,,,,,,,,,,,,,,,,,,,,,,,,,,,,,,,,,,,,,,,,,,,,,,,,,,,,,,,,,,,,,,,,,,,,,,,,,,,,,,,,,,,,,,,,,,,,,,,,,,,,,,,,,,,,,,,,,,,,,,,,,,,,,,,,,,,,,,,,,,,,,8142,425,7911135,11998,427,9787432,11828,702,9535634,12089,569,8365018,7849,528,9105374,11540,536,11008983,13229,730,11690963,15855,1233,10713842,11065,473,11327726,19753,928,12369153,21782,1144,12695660,19515,1424,11386586,17740,851,12235357,17052,648,12810659,20071,1373,12838318,19096,1116,11155597,16128,733,11493344,18895,630,13435834,18299,1435,13695253,23152,2048,12061214,16617,1161,12436669,18222,593,13294734,21867,1154,12935606,19978,963,11175103,17476,567,11599304,20161,952,12533091,24176,1014,11738207,19879,765,10972653,16224,911,11163224,19973,500,12868660,21897,622,12322251,18784,776,10639379,17630,653,10344479,13057,320,12837481,20849,615,13640023,24148,622,12017912,25927,1272,12737656,24102,602,14354388,33650,996,13888081,24822,141,12132199,18652,150,12697747,22363,163,13900327,21893,170,13178128,24308,439,11295585,21898,277,11924507,27378,306,10080236,41885,561,12428966,28884,250,11591474
PINNACLE AIRLINES,,,,,,,,,,,,,,,,,,,,,,,,,,,,,,,,,,,,,,,,,,,,,,,,,,,,,,,,,,,,,,,,,,,,,,,,,,,,,,,,,,,,,,,,,,,,,,,,,,,,5144,281,3350594,5738,313,3029359,,,,,,,,,,,,,,,,,,,,,,,,,6065,142,2527629,8489,263,2762653,8071,192,2721953,8241,184,2493458,6028,208,2573221,6369,264,2869462,7330,375,2710661,6526,376,2355938,5764,380,2568204,353,39,268585,306,76,228366,149,45,95473,3,0,9242,,,,,,,,,,,,,,,,,,,,,,,,,,,,,,,,,,,,,,,,,,,,,,,,,,,,,,,,,,,,,,,,,,,,,,,,,,,,,,,,,,,,,,,,,,,,,,,,,,,,,,,,,,,,,,,,,,,,,
PSA AIRLINE S,1830,169,3513875,1342,115,3420512,599,8,1922953,360,19,2083641,625,73,1961845,226,39,852181,1291,204,3039515,2683,459,3816412,3027,339,3810183,4264,487,3905385,3166,267,3412630,2356,213,3421745,2006,42,3404018,2554,32,3485505,2416,22,3210770,,,,,,,,,,,,,,,,,,,,,,,,,,,,,,,,,,,,,,,,,,,,,,,,,,,,,,,,,,,,,,,,,,,,,,,,,,,,,,,,,,,,,,,,,,,,,,,,,,,,,,,,,,,,,,,,,,,,,,,,,,,,,,,,,,,,,,,,,,,,,,,,,,,,,,,,,,,,,,,,,,,,,,,,,,,,,,,,,,,,,,,,,,,,,,,,,,,,,,,,,,,,,,,,,,,,,,,,,,,,,,,,,,,,,,,,,,,,,,,,
REPUBLIC AIRWAYS,5164,178,5525714,2855,111,5160977,766,31,3171190,217,21,2613252,303,62,1865200,81,21,592187,1101,85,3098354,3532,120,3218312,5378,219,4900415,6321,162,5010539,3713,80,4183267,4275,103,4548762,4954,31,4619387,3876,30,4890213,2613,32,4050777,,,,,,,,,,,,,,,,,,,,,,,,,,,,,,,,,,,,,,,,,,,,,,,,,,,,,,,,,,,,,,,,,,,,,,,,,,,,,,,,,,,,,,,,,,,,,,,,,,,,,,,,,,,,,,,,,,,,,,,,,,,,,,,,,,,,,,,,,,,,,,,,,,,,,,,,,,,,,,,,,,,,,,,,,,,,,,,,,,,,,,,,,,,,,,,,,,,,,,,,,,,,,,,,,,,,,,,,,,,,,,,,,,,,,,,,,,,,,,,,
SKYWE ST AIRLINES,6743,37,10489689,3592,86,8943583,2295,26,5427962,720,5,5122330,1069,33,4650686,464,36,1642807,9991,211,8355310,13524,116,10085483,14794,203,10472196,17228,213,10320910,7163,233,8697930,5977,160,9210026,7264,95,9676146,7413,206,9125575,7816,88,8060076,7800,68,8776536,7741,78,3963047,,,,11543,622,7201623,10680,755,7411535,10868,754,7961031,10391,714,7755643,9537,709,6858709,10896,786,6990054,12951,924,7710341,13941,1739,7403792,14041,1630,6458573,11280,1332,6656843,8493,1373,6752821,10717,1836,6861891,11956,2629,6149038,10214,2161,6395843,7137,1328,6933277,8049,1436,6875131,10542,1843,6314061,11119,1811,6419001,10281,1577,6868429,10932,1630,6637699,11901,972,5942158,10520,406,6009979,12506,482,6624658,11295,336,6210623,14697,453,5714175,11301,346,6001681,12292,301,6302913,11666,320,5986774,15730,688,5402551,10526,474,5241819,10818,423,5644301,9927,517,5242638,9654,720,4592875,8836,557,4754319,12280,672,5338081,10029,490,3645605,3010,371,1834243,3090,187,1954068,5281,337,2120292,5706,319,2048736,5430,496,1814434,3090,177,1556835,2895,153,1530085,3662,163,1473391,4144,154,1225894,1465,29,940641,1650,13,836137,1212,30,655568,1394,28,399872,561,10,204234,570,1,174451,229,2,92398,188,0,14893,,,,,,,,,,,,,,,,,,,,,,,,,,,,,,,,,,,,,,,,,,,,,,,,,,,,,,,,,,,,,,,,,,,,,,,,
SOUTHWEST AIRLINES,10242,1207,36276768,9008,1314,32534837,1439,192,17781836,487,28,16011098,937,148,15080946,1108,110,7058890,2355,112,29539107,4339,269,40839000,4806,314,40777514,12368,931,42176361,9996,1594,37409141,4688,411,41306125,6570,967,40839016,6039,376,42329176,4325,669,37042370,4393,1601,39969392,3908,1499,39751638,,,,16205,2537,35246083,19116,3072,38502306,24247,4582,38561412,26987,4209,39198316,18,3116,34393320,19473,3433,36839451,27315,4413,37603390,29084,4436,37496853,20641,3326,31993058,13520,1946,33994762,26337,3582,35298922,28592,4186,25307042,20472,4185,30780643,14512,1948,29378897,23,2550,29421835,26487,4536,30575862,17307,3185,26269242,13851,2095,27876734,19272,2341,29334383,21474,3090,29290547,14755,1964,26029507,11201,1364,27712179,14335,1583,28539135,15391,2102,28919972,16228,2167,25637423,16548,2062,27178950,17393,2153,27848578,19603,2825,27613969,35668,6167,23772905,28566,3281,25450773,29147,2978,26434803,33825,3526,26517691,22760,3328,23366897,16249,2349,24091435,14145,1494,25694071,17578,2363,27550957,25431,4156,24708540,16793,2354,24875699,29744,3138,27242613,22489,2922,26889424,19222,2874,22903022,24785,1748,24073919,23812,1525,24880646,29026,2570,25306858,29804,2881,22015484,15350,1368,22225722,18208,1662,23595749,18571,1593,22777542,21530,1473,19780746,19394,1297,20144834,14568,1311,21102752,25572,2429,21628048,31275,2674,18190404,14504,1470,18395064,21439,1512,19708171,25092,2424,19446533,23791,2216,17169572,22530,2111,17763447,20729,1530,18781696,27415,2388,19283599,16812,1899,16633381,13920,1840,17186342,19871,2694,18564869,22868,3710,19957851,20550,2811,17916390,21724,3766,18501627,18379,3220,18821145,25397,3959,18827259,24852,2796,16418368,18997,2187,16789416,18919,2369,17020885,23553,2509,16931135,17303,1938,14606789,20399,2094,14848313,20577,2708,15483831,21269,2998,15475432,18956,2430,13245641
SPIRIT AIRLINES,1766,84,7797518,3131,85,7963642,1680,108,5236309,685,99,5010558,227,0,4483592,80,2,871869,3585,64,7195275,5575,121,8276219,4656,64,8390933,5642,149,8335320,6768,46,7265473,5417,43,6897416,5718,164,7328762,4852,448,7061549,5477,874,6180877,4198,1144,5804607,983,1235,5956218,,,,1735,755,5084347,1167,196,5052694,1503,367,5288659,1856,568,5242171,1312,483,4704094,1139,235,4410192,1124,209,4441767,1966,624,4208617,1441,114,3728874,,,,,,,,,,,,,,,,,,,,,,,,,,,,,,,,,,,,,,,,,,,,,,,,,,,,,,,,,,,,,,,,,,,,,,,,,,,,,,,,,,,,,,,,,,,,,,,,,,,,,,,,,,,,,,,,,,,,,,,,,,,,,,,,,,,,,,,,,,,,,,,,,,,,,,,,,,,,,,,,,,,,,,,,,,,,,,,,,,,,,,,,,,,,,,,,,,,,,,,,,,,,
TRANS WORLD AIRLINES,,,,,,,,,,,,,,,,,,,,,,,,,,,,,,,,,,,,,,,,,,,,,,,,,,,,,,,,,,,,,,,,,,,,,,,,,,,,,,,,,,,,,,,,,,,,,,,,,,,,,,,,,,,,,,,,,,,,,,,,,,,,,,,,,,,,,,,,,,,,,,,,,,,,,,,,,,,,,,,,,,,,,,,,,,,,,,,,,,,,,,,,,,,,,,,,,,,,,,,,,,,,,,,,,,,,,,,,,,,,,,,,,,,,,,,,,,,,,,7374,420,3919738,7714,870,5111512,10481,1076,6049612,12245,1357,5252809,14299,1075,5875474,22684,2749,6820591,22749,2144,6694510,5329,417,5747520,13392,151,6063236,15958,63,6605087,22110,180,6601625,14884,1409,5510325,5214,694,5423028,8429,1129,6054643,4266,930,6212623,13346,928,5442495
UNITED AIRLINES,2864,6,20131527,1341,5,14619155,591,0,8723919,289,5,8860807,76,8,5211611,8,0,1333318,2842,7,18412040,5668,13,25141731,9110,7,26963748,11394,28,27015815,8856,17,22660404,7556,23,25234539,11339,26,27080182,8615,17,25966562,8214,27,21314280,8483,44,23766600,11726,103,25069533,,,,15917,900,20559648,15696,891,22398395,15880,1074,23436935,16939,871,22035,14380,929,18965779,18743,1475,20930474,23206,1378,21879356,22068,1647,21166446,17373,1817,18105638,12582,982,18946348,14419,1530,20332343,16498,2171,20144390,21469,4395,17894200,17074,2601,18969272,13768,1966,20156960,12781,1856,19942776,14093,2592,18143463,13198,2846,18696707,22443,4014,21082126,22500,4450,21099463,21120,3084,17850152,13474,999,10617629,20177,1635,12305211,20913,1105,11830449,19147,1310,10557367,16152,1181,11801553,17349,1629,13071281,11732,1210,12663048,15521,2142,11171323,15064,1722,11930997,20574,1091,13750493,26845,2282,13336497,19330,1550,11953422,20304,1452,12867796,29613,2586,15278008,29157,1535,15576992,13550,1239,13846166,16380,937,14671409,23109,1226,16278945,33633,1681,16768255,17517,604,15013562,17225,866,15369958,15438,659,16391356,21728,1203,16623145,17503,493,14773356,12835,669,15016704,15909,771,15840982,27662,849,15628125,21687,593,14160569,18910,733,15699070,23963,473,17716757,27767,776,16959163,30340,1189,14482375,26415,1120,14976922,22606,850,16078649,35494,1196,15191248,23074,763,14324159,39021,1334,16400586,25618,875,17163520,28054,1276,16003234,19980,910,13962769,30167,867,14202740,35377,1532,17933795,52122,2555,19506801,32692,1412,17280438,27944,1458,18818818,25452,2531,19507333,35714,4106,20681091,30196,3006,18617529,36048,3079,19963617,38689,1210,21843465,22435,818,20072997,41061,2142,18337778,31783,1019,19908771,37195,1164,21963437,36086,1254,20241004,36933,1124,17699804
US AIRWAYS,,,,,,,,,,,,,,,,,,,,,,,,,,,,,,,,,,,,,,,,,,,,,,,,,,,,,,,,,,,,,,,,,,,,,,,,,,,,,,,,,,,,,,,,,,,,,,6045,784,14228483,6816,756,14851237,8011,985,14993178,6399,1006,13761795,6398,719,13577101,7100,989,14000602,6791,1073,14144925,7475,974,13514441,8325,1156,13334767,8767,1120,13743223,11524,1590,14011454,11360,1177,12705868,11122,1204,13192128,16387,1545,13734726,17250,1965,12583487,19387,3593,12153896,10524,1407,12275766,14840,1441,13259011,27196,2556,13626407,22938,1893,12580587,18922,1351,12919729,18559,1252,14263574,21367,2042,13205783,26153,2560,12755978,18439,1315,13030439,14620,1265,14239888,24594,1782,14728126,19348,2182,12994097,15471,1359,13695451,12706,965,13840598,20930,2214,14249711,19066,1426,13370306,7893,357,8619527,9344,471,9916541,14728,675,10967859,17902,1014,10074156,14682,770,10093300,15183,531,10115003,21282,808,10576091,22751,494,9211456,21677,258,10042023,19483,143,10027355,28700,535,10370450,17191,394,8648573,25647,630,9615161,16036,103,11114308,23542,370,12107148,35859,423,11141864,24113,497,10798123,18038,229,13400761,21067,420,16307218,26484,708,13550384,28350,894,15009965,19166,559,15116844,24204,1289,14953990,22539,998,12400715,20601,537,13645066,19015,350,13495129,22390,757,14257288,18744,1195,12764898,14663,276,13828432,18389,226,14730549,26527,413,15014705,22251,352,12991026
VIRGIN AMERICA,,,,,,,,,,,,,,,,,,,,,,,,,,,,,,,,,,,,,,,,,,,89,22,2045185,213,71,2193909,170,3,2135213,,,,908,51,1803849,511,17,2017391,948,31,2137471,389,16,2050950,427,30,1739517,488,43,1832945,279,17,1813533,669,15,1772262,286,5,1510065,302,16,1598058,235,5,1677222,137,11,1703282,236,25,1459461,104,1,1555207,60,2,1661469,68,12,1708688,119,11,1319210,30,18,1499063,2,11,1663716,3,4,1600351,14,12,1402246,,,,,,,,,,,,,,,,,,,,,,,,,,,,,,,,,,,,,,,,,,,,,,,,,,,,,,,,,,,,,,,,,,,,,,,,,,,,,,,,,,,,,,,,,,,,,,,,,,,,,,,,,,,,,,,,,,,,,,,,,,,,,,,,,,,,,,,,,,,,,,,,,,,,,,,,,,,,,,,,,,,,,,,,
